{"Mean":{"confidence_interval":{"confidence_level":0.95,"lower_bound":588095934.493623,"upper_bound":589853854.427517},"point_estimate":588889950.4281798,"standard_error":450200.3690346961},"Median":{"confidence_interval":{"confidence_level":0.95,"lower_bound":587556742.5945946,"upper_bound":588601446.481241},"point_estimate":587799975.3566667,"standard_error":274823.8193926207},"MedianAbsDev":{"confidence_interval":{"confidence_level":0.95,"lower_bound":1622572.0448845826,"upper_bound":2693376.6816074766},"point_estimate":2160339.328399159,"standard_error":272364.4054727556},"Slope":{"confidence_interval":{"confidence_level":0.95,"lower_bound":587847695.8641064,"upper_bound":589300540.8724938},"point_estimate":588493045.5212473,"standard_error":372828.3822049994},"StdDev":{"confidence_interval":{"confidence_level":0.95,"lower_bound":2484153.206036488,"upper_bound":6653609.315851207},"point_estimate":4532184.972985888,"standard_error":1194177.9214572358}}