{"Mean":{"confidence_interval":{"confidence_level":0.95,"lower_bound":0.02517700424644838,"upper_bound":0.14180859198502175},"point_estimate":0.06572114445121447,"standard_error":0.03544749407664628},"Median":{"confidence_interval":{"confidence_level":0.95,"lower_bound":0.01774379477693211,"upper_bound":0.030279295668898668},"point_estimate":0.02840942839661209,"standard_error":0.0031581947581790119}}