{"Mean":{"confidence_interval":{"confidence_level":0.95,"lower_bound":732876224.0306819,"upper_bound":741128861.2229488},"point_estimate":737112900.5657927,"standard_error":2103060.421680342},"Median":{"confidence_interval":{"confidence_level":0.95,"lower_bound":734182785.9148936,"upper_bound":743358641.2701638},"point_estimate":735390008.0647514,"standard_error":2274861.6497145129},"MedianAbsDev":{"confidence_interval":{"confidence_level":0.95,"lower_bound":7161834.041746981,"upper_bound":28549937.13431354},"point_estimate":21363847.643926458,"standard_error":6638977.134974552},"Slope":{"confidence_interval":{"confidence_level":0.95,"lower_bound":743944971.2704299,"upper_bound":749785117.700641},"point_estimate":747002408.2439368,"standard_error":1488781.9009223127},"StdDev":{"confidence_interval":{"confidence_level":0.95,"lower_bound":17331014.512740595,"upper_bound":24319620.221977407},"point_estimate":21177980.14849432,"standard_error":1788277.9929878759}}