{"Mean":{"confidence_interval":{"confidence_level":0.95,"lower_bound":757501075.3612137,"upper_bound":839693538.5210414},"point_estimate":785556803.9807309,"standard_error":26107379.154157226},"Median":{"confidence_interval":{"confidence_level":0.95,"lower_bound":755720038.1882353,"upper_bound":756912043.7553744},"point_estimate":756282017.842451,"standard_error":284886.0734705023},"MedianAbsDev":{"confidence_interval":{"confidence_level":0.95,"lower_bound":1737002.334795736,"upper_bound":3004702.145442591},"point_estimate":2264390.923950018,"standard_error":328616.73464792207},"Slope":{"confidence_interval":{"confidence_level":0.95,"lower_bound":756274216.5862641,"upper_bound":757951721.6767093},"point_estimate":757006214.3918605,"standard_error":431964.3702049327},"StdDev":{"confidence_interval":{"confidence_level":0.95,"lower_bound":5143111.33121133,"upper_bound":450260141.4697387},"point_estimate":262782882.01536454,"standard_error":159290168.58007477}}