{"Mean":{"confidence_interval":{"confidence_level":0.95,"lower_bound":67673163.82098519,"upper_bound":83276437.71500486},"point_estimate":73130583.48509239,"standard_error":4784275.616354684},"Median":{"confidence_interval":{"confidence_level":0.95,"lower_bound":69228986.90804598,"upper_bound":69937341.65302144},"point_estimate":69669032.18314472,"standard_error":186572.19338595283},"MedianAbsDev":{"confidence_interval":{"confidence_level":0.95,"lower_bound":1253346.0977163988,"upper_bound":4581493.653700042},"point_estimate":2414794.714678824,"standard_error":814463.5553630041},"Slope":{"confidence_interval":{"confidence_level":0.95,"lower_bound":69742320.2552869,"upper_bound":70695881.10621903},"point_estimate":70212681.04786168,"standard_error":242901.72612208548},"StdDev":{"confidence_interval":{"confidence_level":0.95,"lower_bound":3925365.0862357516,"upper_bound":82494184.944984},"point_estimate":48201166.37747686,"standard_error":28143819.34187809}}